{"mean": [0.18579545315176904,0.18579545315176904,0.18579545315176904], "std": [0.11029033806087413,0.11029033806087413,0.11029033806087413]}